Proto Boards,$12.99,https://amazon.com/dp/B08151V9TS
Display,$77.99,https:https://amazon.com/dp/B0BG2CLS6Q
Screws,$19.99,https://amazon.com/dp/B0CQJZCC9T
Lens 2x,$23.09 each $46.18,https://amazon.com/dp/B0791MWRV3
IMU,$22.99,https://amazon.com/dp/B0CL26J81F
Arduino Nano,$15.99,https://amazon.com/dp/B0713XK923
TPU-Your choice,$21.99,https://amazon.com/dp/B0BXNWK6NS
PLA-Your choice,$23.73,https://amazon.com/dp/B0BM7465PB
2mm Round Magnets,$11.99,https://amazon.com/dp/B0CDGYN8V5
Straps,free,I sourced my straps from a random old backpack. Any 20-28 mm wide strap will probally work.
Total,$253.84, It sould be noted that I already had most of these components fron other projects but this price is what it would take to make from absolutely nothing.
